doi,标题,期刊,年份,作者
10.1038/s41598-020-61672-1,Weak Antilocalization And Anisotropic Magnetoresistance As A Probe Of Surface States In Topological Bi2texse3-X Thin Films,SCIENTIFIC REPORTS,2020,"Gregory M Stephen,Owen A Vail,Jiwei Lu,William A Beck,Patrick J Taylor,Adam L Friedman"
10.1103/PhysRevB.99.245129,"Structural, Transport, And Ultrafast Dynamic Properties Of V1-Xnbxo2 Thin Films",PHYSICAL REVIEW B,2019,"Yuhan Wang,Jiawei Zhang,Yue Ni,Xinzhong Chen,Ryan Mescall,Tamara Isaacs-Smith,Ryan B. Comes,Salinporn Kittiwatanakul,Stuart A. Wolf,Jiwei Lu,Mengkun Liu"
10.1109/TASC.2019.2908254,Growth and characterization of NbTiN films synthesized by reactive bias target ion beam deposition (RBTIBD),IEEE Transactions on Applied Superconductivity,2019,"Michael E. Cyberey,Tannaz Farrahi,Michael B. Eller,Jiwei Lu,Robert Weikle,Omid Noroozian,Arthur W. Lichtenberger"
10.1002/adma.201900251,Phase-Change Hyperbolic Heterostructures for Nanopolaritonics: A Case Study of hBN/VO 2 .,ADVANCED MATERIALS,2019,"Siyuan Dai,Jiawei Zhang,Qiong Ma,Salinporn Kittiwatanakul,Alex McLeod,Xinzhong Chen,Stephanie Gilbert Corder,Kenji Watanabe,Takashi Taniguchi,Jiwei Lu,Qing Dai,Pablo Jarillo-Herrero,Mengkun Liu,D N Basov"
10.1109/TASC.2018.2884967,NbTiN/AlN/NbTiN SIS Junctions Realized by Reactive Bias Target Ion Beam Deposition,IEEE Transactions on Applied Superconductivity,2019,"Michael Cyberey,Tannaz Farrahi,Jiwei Lu,Anthony Kerr,Robert M. Weikle,Arthur W. Lichtenberger"
,Phase change materials for nano-polaritonics: a case study of hBN/VO2 heterostructures.,arXiv: Mesoscale and Nanoscale Physics,2018,"S. Dai,Jingdi Zhang,Q. Ma,Salinporn Kittiwatanakul,A. S. McLeod,Xinzhong Chen,S. N. Gilbert Corder,K. Watanabe,T. Taniguchi,Jiwei Lu,Qing Dai,P. Jarillo-Herrero,Mengkun Liu,D. N. Basov"
10.1103/physrevlett.121.256403,Observation of Weakened V—V Dimers in the Monoclinic Metallic Phase of Strained VO 2,Physical Review Letters,2018,"J. Laverock,V. Jovic,A. A. Zakharov,Y. R. Niu,S. Kittiwatanakul,B. Westhenry,J. W. Lu,S. A. Wolf,K. E. Smith"
10.1088/1361-6463/aaabac,Transport phenomena in SrVO3/SrTiO3 superlattices,JOURNAL OF PHYSICS D-APPLIED PHYSICS,2018,"Man Gu,Stuart A. Wolf,Jiwei Lu"
10.1364/OE.26.025657,Insulator to metal transition induced by surface plasmon polaritons in VO 2 /Au thin films.,OPTICS EXPRESS,2018,"S E Madaras,J Creeden,S Kittiwatanakul,J Lu,I Novikova,R A Lukaszew"
10.1109/ipcon.2018.8527319,Effect Of Surface Plasmons On The Insulator To Metal Transition In Thin Film Vanadium Dioxide,2018 IEEE PHOTONICS CONFERENCE (IPC),2018,"Scott Madaras,Jason Creedem,Salinporn Kittiwatanakul,Jiwei Lu,Irina Novikova,Ale Lukaszew"
,Effects of Surface Plasmonic Electric Field Enhancements on Thin Film Vanadium Dioxide’s Insulator to Metal Transition.,Bulletin of the American Physical Society,2018,"Scott Madaras,Jason Creeden,Salinporn Kittiwatanakul,Jiwei Lu,Irina Novikova,Rosa Lukaszew"
10.1103/PhysRevLett.121.256403,Observation of Weakened V-V Dimers in the Monoclinic Metallic Phase of Strained VO_{2}.,PHYSICAL REVIEW LETTERS,2018,"J Laverock,V Jovic,A A Zakharov,Y R Niu,S Kittiwatanakul,B Westhenry,J W Lu,S A Wolf,K E Smith"
10.1364/oe.26.025657,Insulator to metal transition induced by surface plasmon polaritons in VO 2 /Au thin films,Optics Express,2018,"S. E. Madaras,Jason Creeden,Salinporn Kittiwatanakul,Jiwei Lu,Irina Novikova,R. A. Lukaszew"
10.1116/1.5023723,Surface morphology control of Nb thin films by biased target ion beam deposition,JOURNAL OF VACUUM SCIENCE & TECHNOLOGY A,2018,"Salinporn Kittiwatanakul,Nattawut Anuniwat,Nam Dao,Stuart A. Wolf,Jiwei Lu"
10.1117/12.2304303,Tuning of TCR in poly-crystalline VO2 for enhanced IR detection,"Image Sensing Technologies: Materials, Devices, Systems, and Applications V",2018,"Salinporn Kittiwatanakul,Noah Sauber,Michael E. Cyberey,Arthur W. Lichtenberger,Robert M. Weikle,Jiwei Lu"
,Low dc leakage Cr$_{\mathrm{2}}$O$_{\mathrm{3}}$ thin films towards mili-volt switching of exchange bias,Bulletin of the American Physical Society,2017,"Salinporn Kittiwatanakul,Yuhan Wang,Congli Sun,Paul M. Voyles,Jiwei Lu"
,Thickness and substrate dependence of the optical conductivity of niobium dioxide films.,Bulletin of the American Physical Society,2017,"D. J. Lahneman,Zhen Xing,Mitchell Polizzi,Melissa Beebe,R. A. Lukaszew,M. M. Qazilbash,Salinporn Kittiwatanakul,Jiwei Lu,Stuart A. Wolf"
10.1016/j.jmmm.2017.02.011,Spin-torque oscillation in large size nano-magnet with perpendicular magnetic fields,Journal of Magnetism and Magnetic Materials,2017,"Linqiang Luo,Mehdi Kabir,Nam Dao,Salinporn Kittiwatanakul,Michael E. Cyberey,Stuart A. Wolf,Mircea R. Stan,Jiwei Lu"
10.1103/PhysRevB.96.094309,Ultrafast Electron-Lattice Coupling Dynamics In Vo2 And V2o3 Thin Films,PHYSICAL REVIEW B,2017,"Elsa Abreu,Stephanie N. Gilbert Corder,Sun Jin Yun,Siming Wang,Juan Gabriel Ramirez,Kevin G. West,Jingdi Zhang,Salinporn Kittiwatanakul,Ivan K. Schuller,Jiwei Lu,Stuart A. Wolf,Hyun-Tak Kim,Mengkun Liu,Richard D. Averitt"
10.1364/OME.7.000213,Time-resolved light-induced insulator-metal transition in niobium dioxide and vanadium dioxide thin films,OPTICAL MATERIALS EXPRESS,2017,"Melissa Beebe,J. Michael Klopf,Yuhan Wang,Salinporn Kittiwatanakul,Jiwei Lu,Stuart A. Wolf,R. Alejandra Lukaszew"
10.1103/PhysRevB.96.161110,Controlling Phase Separation In Vanadium Dioxide Thin Films Via Substrate Engineering,PHYSICAL REVIEW B,2017,"Stephanie N. Gilbert Corder,Jianjuan Jiang,Xinzhong Chen,Salinporn Kittiwatanakul,I-Cheng Tung,Yi Zhu,Jiawei Zhang,Hans A. Bechtel,Michael C. Martin,G. Lawrence Carr,Jiwei Lu,Stuart A. Wolf,Haidan Wen,Tiger H. Tao,Mengkun Liu"
10.1088/2399-1984/aa8f39,Nano-engineering of electron correlation in oxide superlattices,NANO FUTURES,2017,"J. Laverock,M. Gu,V. Jovic,J. W. Lu,S. A. Wolf,R. M. Qiao,W. Yang,K. E. Smith"
,Ultrafast dynamics of VO$_2$ thin films measured in pump-probe configuration,Bulletin of the American Physical Society,2016,"Elizabeth Radue,Salinporn Kittiwatanakul,Jiwei Lu,Stuart A. Wolf,Zhengping Fu,Masashi Yamaguchi,Enrico Rossi,R. A. Lukaszew,Irina Novikova"
10.1080/09506608.2016.1204097,"Spintronics Technology: Past, Present And Future",INTERNATIONAL MATERIALS REVIEWS,2016,"Jiwei Lu,Eugene Chen,Mehdi Kabir,Mircea R. Stan,Stu Wolf"
,Mircomagnetic Simulation of Amorphous TbFeCo Thin Films with Self Exchange Bias.,Bulletin of the American Physical Society,2016,"Chung Ma,Xiaopu Li,Jiwei Lu,Joseph Poon"
,Magnetotransport properties of Co$_{90}$Fe$_{10}$/Cu/Ni$_{80}$Fe$_{20}$ pseudo-spin-valve with out-of-plane tilted magnetic field,Bulletin of the American Physical Society,2016,"Linqiang Luo,Nam Dao,Salinporn Kittiwatanakul,Stuart A. Wolf,Jiwei Lu"
,Ultrafast Pump-Probe Studies of the Light-Induced MIT and Recovery of Niobium Dioxide Thin Films,Bulletin of the American Physical Society,2016,"Melissa Beebe,J. Michael Klopf,Salinporn Kittiwatanakul,Jiwei Lu,Stuart A. Wolf,R. Alejandra Lukaszew"
,Spin-torque switching in large size nano-magnet with perpendicular magnetic fields.,Bulletin of the American Physical Society,2016,"Linqiang Luo,Mehdi Kabir,Stu Wolf,Mircea R. Stan,Jiwei Lu"
,Threshold Switching Characteristics of Nb/NbO 2 /TiN Vertical Devices,,2016,"yuhan wang,ryan comes,stuart a wolf,jiwei lu"
10.1063/1.4939240,Exchange Bias And Bistable Magneto-Resistance States In Amorphous Tbfeco Thin Films,APPLIED PHYSICS LETTERS,2016,"xiaopu li,chung t ma,jiwei lu,arun devaraj,steven r spurgeon,ryan comes,s joseph poon"
,Self Exchange Bias and Bi-stable Magneto-Resistance States in Amorphous TbFeCo and TbSmFeCo Thin Films.,Bulletin of the American Physical Society,2016,"Chung Ma,Xiaopu Li,Jiwei Lu,Joseph Poon,Ryan Comes,Arun Devaraj,Steven R. Spurgeon"
,Ultrafast terahertz-field-driven ionic response in ferroelectric BaTiO[subscript 3],Physical Review Letters,2016,"Frank W. Chen,Y. Zhu,Shi Liu,Yubo Qi,F. Quirin,Henrik Enquist,Peter Zalden,Te Hu,J. Goodfellow,Meng-Ju Sher,Matthias C. Hoffmann,Diling Zhu,Henrik T. Lemke,James M. Glownia,M. Chollet,Anoop R. Damodaran,Jin-Seong Park,Z. Cai,Il Woong Jung,Matthew J. Highland,Donald A. Walko,John W. Freeland,Paul G. Evans,Arturas Vailionis,Jörgen Larsson,Andrew M. Rappe,Klaus Sokolowski-Tinten,Lane W. Martin,Haidan Wen,Aaron M. Lindenberg,Harold Y. Hwang,Nathaniel C. Brandt,Jiwei Lu,Keith A. Nelson"
10.1063/1.4943769,Magneto-Transport And Domain Wall Scattering In Epitaxy L1(0) Mnal Thin Film,JOURNAL OF APPLIED PHYSICS,2016,"Linqiang Luo,Nattawut Anuniwat,Nam Dao,Yishen Cui,Stuart A. Wolf,Jiwei Lu"
10.1103/PhysRevB.91.245155,Phase Transition In Bulk Single Crystals And Thin Films Of Vo2 By Nanoscale Infrared Spectroscopy And Imaging,PHYSICAL REVIEW B,2015,"mengkun liu,aaron sternbach,martin wagner,tetiana slusar,tai kong,s l budko,salinporn kittiwatanakul,m m qazilbash,a s mcleod,zhe fei,elsa abreu,jingdi zhang,m d goldflam,siyuan dai,guangxin ni,jiwei lu,hans a bechtel,michael c martin,markus b raschke,richard d averitt,stuart a wolf,hyuntak kim,p c canfield,d n basov"
10.1116/1.4906143,Epitaxial niobium dioxide thin films by reactive-biased target ion beam deposition,JOURNAL OF VACUUM SCIENCE & TECHNOLOGY A,2015,"yuhan wang,ryan comes,salinporn kittiwatanakul,stuart a wolf,jiwei lu"
,Pinning of Ferroelectric Domain Walls in Nanostructured CoFe$_{2}$O$_{4}$-BiFeO$_{3}$ Composite,Bulletin of the American Physical Society,2015,"keren freedy,ryan comes,kerry siebein,jiwei lu,stuart a wolf"
,A transition in the magneto-transport in the L1$_{0}$ MnAl thin films,,2015,"linqiang luo,jiwei lu,nam dao,yishen cui,stuart a wolf"
10.1557/opl.2015.480,"Simultaneous Spectroscopic, Diffraction and Microscopic Study of the Metal-Insulator Transition of VO 2",,2015,"j laverock,salinporn kittiwatanakul,a a zakharov,y r niu,bin chen,j kuyyalil,stuart a wolf,j w lu,kevin e smith"
10.1557/jmr.2014.413,Radiation Effects On The Magnetism And The Spin Dependent Transport In Magnetic Materials And Nanostructures For Spintronic Applications,JOURNAL OF MATERIALS RESEARCH,2015,"jiwei lu,s joseph poon,stuart a wolf,b d weaver,p j mcmarr,h l hughes,eugene chen"
,Hole doping in VO$_{2}$ thin films,Bulletin of the American Physical Society,2015,"salinporn kittiwatanakul,ryan comes,yuhan wang,stuart a wolf,jiwei lu"
,Effect of inhomogeneties and substrate on the dynamics of the metal-insulator transition in VO$_2$ thin films,,2015,"martin rodriguezvega,matt t simons,e radue,salinporn kittiwatanakul,j lu,stuart a wolf,r a lukaszew,irina novikova,e rossi"
10.1063/1.4923274,Magnetic Properties And Spin Polarization Of Ru Doped Half Metallic Cro2,APPLIED PHYSICS LETTERS,2015,"kevin g west,m s osofsky,i i mazin,nam n h dao,s a wolf,jiwei lu"
10.1103/PhysRevB.91.205140,Modification Of Electronic Structure In Compressively Strained Vanadium Dioxide Films,PHYSICAL REVIEW B,2015,"T.J. Huffman,Peng Xu,A.J. Hollingshad,M. M. Qazilbash,Lei Wang,R. A. Lukaszew,S. Kittiwatanakul,J. Lu,S. A. Wolf"
10.1117/12.2060899,Terahertz Coded Aperture Mask using a Vanadium Dioxide Bowtie Antenna Array,Proceedings of SPIE,2015,"souheil nadri,r percy,lin kittiwatanakul,a arsenovic,jiwei lu,stuart a wolf,robert m weikle"
,Electrically induced Metal-Insulator Transition in Nb/NbO$_{2}$/TiN Devices,Bulletin of the American Physical Society,2015,"yuhan wang,stuart a wolf,jiwei lu"
,Study of microstructure effects on the photo-induced Metal-insulator transition in VO$_2$ thin films grown on Al$_2$O$_3$ and TiO$_2$,Bulletin of the American Physical Society,2015,"e radue,lei wang,salinporn kittiwatanakul,jiwei lu,stuart a wolf,enrico rossi,r a lukaszew,irina novikova"
,Surface Plasmon Resonance and Insulator-Metal Transition in Gold and Vanadium Dioxide Bilayer Films,Bulletin of the American Physical Society,2015,"melissa beebe,lei wang,scott e madaras,j michael klopf,zhaozhu li,david brantley,matthew heimburger,r wincheski,jiwei lu,stuart a wolf,r a lukaszew"
10.1557/opl.2015.454,Optical Studies on VO 2 Thin Films,,2015,"lei wang,melissa beebe,scott e madaras,j m klopf,e radue,zhaozhu li,russell a wincheski,jiwei lu,stuart a wolf,irina novikova,r a lukaszew"
10.1557/opl.2015.454,Optical Studies on VO2 Thin Films,MRS Online Proceedings Library,2015,"Wang  Lei,Beebe  Melissa,Madaras  Scott E.,Klopf  John M.,Radue  Elizabeth,Li  Zhaozhu,Wincheski  Russell A.,Lu  Jiwei,Wolf  Stuart A.,Novikova  Irina,Lukaszew  Rosa A."
10.1002/admi.201300126,Two-Dimensional Mott Insulators In Srvo3 Ultrathin Films,ADVANCED MATERIALS INTERFACES,2014,"Man Gu,Stuart A. Wolf,Jiwei Lu"
10.1002/adom.201470004,Vanadium Dioxide: Distinct Length Scales in the VO2 Metal–Insulator Transition Revealed by Bi‐chromatic Optical Probing (Advanced Optical Materials 1/2014),Advanced Optical Materials,2014,"lei wang,irina novikova,j m klopf,scott e madaras,gwyn p williams,eric i madaras,jiwei lu,stuart a wolf,r a lukaszew"
,Metal-insulator transition in SrTi$_{\mathrm{1-x}}$V$_{\mathrm{x}}$O$_{3}$ thin films,Bulletin of the American Physical Society,2014,"man gu,s a wolf,jiwei lu"
,Effect of thickness on the film strain and metal-semiconductor transition of VO$_{2}$ thin films,Bulletin of the American Physical Society,2014,"Salinporn Kittiwatanakul,Stuart A. Wolf,Jiwei Lu"
,Effect of strain on the dynamics of optically induced metal-insulator transition of VO$_2$ thin films,Bulletin of the American Physical Society,2014,"Elizabeth Radue,Matt T. Simons,Lei Wang,Salinporn Kittiwatanakul,Jiwei Lu,Stuart A. Wolf,R. A. Lukaszew,Irina Novikova"
,Magnetoresistive anomaly in amorphous GdFeCo thin films,Bulletin of the American Physical Society,2014,"nattawut anuniwat,xiaopu li,joseph poon,jiwei lu"
10.1063/1.4893235,Magnetic Damping And Spin Polarization Of Highly Ordered B2 Co2feal Thin Films,JOURNAL OF APPLIED PHYSICS,2014,"yishen cui,jiwei lu,sebastian schafer,behrouz khodadadi,tim mewes,m s osofsky,stuart a wolf"
10.1109/NANOARCH.2014.6880508,Spin torque nano oscillators as key building blocks for the Systems-on-Chip of the future,Nanoscale Architectures,2014,"Mircea R. Stan,Mehdi Kabir,Stuart A. Wolf,Jiwei Lu"
10.1002/admi.201300126,Two-Dimensional Mott Insulators in SrVO3 Ultrathin Films,ADVANCED MATERIALS INTERFACES,2014,"man gu,stuart a wolf,jiwei lu"
,Electrical field induced Metal-Insulator Transition in NbO$_{2}$ thin films at room temperature,Bulletin of the American Physical Society,2014,"Yuhan Wang,Stuart A. Wolf,Jiwei Lu"
,Three Dimensional Infrared Nano-Imaging of Stripe Order in Vanadium Dioxide,Bulletin of the American Physical Society,2014,"mengkun liu,martin wagner,jingdi zhang,a s mcleod,salinporn kittiwatanakul,zhe fei,elsa abreu,m d goldflam,aaron sternbach,siyuan dai,kevin g west,jiwei lu,stuart a wolf,richard d averitt,d n basov"
10.1063/1.4869558,Symmetry Breaking And Geometric Confinement In Vo2: Results From A Three-Dimensional Infrared Nano-Imaging,APPLIED PHYSICS LETTERS,2014,"mengkun liu,martin wagner,jingdi zhang,a s mcleod,salinporn kittiwatanakul,zhe fei,elsa abreu,m d goldflam,aaron sternbach,siyuan dai,kevin g west,jiwei lu,stuart a wolf,richard d averitt,d n basov"
,Optical anisotropy in the metal-to-insulator transition in VO$_2$ thin films,Bulletin of the American Physical Society,2014,"Matt T. Simons,Elizabeth Radue,Lei Wang,Salinporn Kittiwatanakul,Jiwei Lu,Stuart A. Wolf,R. A. Lukaszew,Irina Novikova"
,Effect of displacement damages on physical properties of amorphous TbFeCo thin films,Bulletin of the American Physical Society,2014,"Jiwei Lu,Tom Anuniwat,Xiaopu Li,Joe Poon,Brad Weaver"
10.1002/adom.201300333,Distinct Length Scales in the VO2 Metal–Insulator Transition Revealed by Bi‐chromatic Optical Probing,ADVANCED OPTICAL MATERIALS,2014,"lei wang,irina novikova,j m klopf,scott e madaras,gwyn p williams,eric i madaras,jiwei lu,stuart a wolf,r a lukaszew"
10.1063/1.4893326,Large Epitaxial Bi-Axial Strain Induces A Mott-Like Phase Transition In Vo2,APPLIED PHYSICS LETTERS,2014,"salinporn kittiwatanakul,stuart a wolf,jiwei lu"
10.1063/1.4886412,Method For Characterizing The Contact Resistance Of Metal-Vanadium Dioxide Thin Film Interfaces,APPLIED PHYSICS LETTERS,2014,"r percy,salinporn kittiwatanakul,jiwei lu,mircea r stan,stuart a wolf,robert m weikle"
10.1103/PhysRevLett.113.216402,Direct Observation Of Decoupled Structural And Electronic Transitions And An Ambient Pressure Monocliniclike Metallic Phase Of Vo2,PHYSICAL REVIEW LETTERS,2014,"j laverock,salinporn kittiwatanakul,a a zakharov,yuran niu,borsen chen,stuart a wolf,j w lu,kevin e smith"
,Monte Carlo Simulation of GdFeCo Amorphous Films with Perpendicular Magnetic Anisotropy,Bulletin of the American Physical Society,2014,"xiaopu li,chung t ma,s joseph poon,nattawut anuniwat,jiwei lu"
10.1063/1.4774238,Electron Molecular Beam Epitaxy: Layer-By-Layer Growth Of Complex Oxides Via Pulsed Electron-Beam Deposition,JOURNAL OF APPLIED PHYSICS,2013,"ryan comes,man gu,mikhail khokhlov,hongxue liu,jiwei lu,stuart a wolf"
10.1063/1.4825054,Structural And Magnetic Properties Of Cr-Diluted Cofeb,JOURNAL OF APPLIED PHYSICS,2013,"yishen cui,manli ding,s joseph poon,t paul adl,sahar keshavarz,tim mewes,stuart a wolf,jiwei lu"
10.1103/PhysRevLett.111.096602,Anisotropic Electronic State Via Spontaneous Phase Separation In Strained Vanadium Dioxide Films,PHYSICAL REVIEW LETTERS,2013,"M K Liu,M Wagner,E Abreu,S Kittiwatanakul,A McLeod,Z Fei,M Goldflam,S Dai,M M Fogler,J Lu,S A Wolf,R D Averitt,D N Basov"
,A versatile variable field module for Asylum Cypher scanning probe system,,2013,"hongxue liu,ryan comes,jiwei lu,stuart a wolf,j m hodgson,maarten rutgers"
,Anisotropic Electronic State via Spontaneous Phase Separation in Strained Vanadium Dioxide Films,Physical Review Letters,2013,"d n basov,jiwei lu,m m fogler,shuhui dai,m d goldflam,zhangjun fei,a s mcleod,salinporn kittiwatanakul,m k liu,mary jo wagner,e abreu,stuart a wolf,richard d averitt"
10.1116/1.4802924,"Structural, magnetic, and nanoscale switching properties of BiFeO3 thin films grown by pulsed electron deposition",JOURNAL OF VACUUM SCIENCE & TECHNOLOGY B,2013,"hongxue liu,ryan comes,yonghang pei,jiwei lu,stuart a wolf"
10.1063/1.4798963,Metal-Insulator Transition Induced In Cavo3 Thin Films,JOURNAL OF APPLIED PHYSICS,2013,"gu man,j laverock,bo chen,kevin e smith,lu jiwei"
10.1063/1.4836576,Metal-Insulator Transition In Srti1-Xvxo3 Thin Films,APPLIED PHYSICS LETTERS,2013,"man gu,stuart a wolf,jiwei lu"
,A versatile variable field module for field and angular dependent scanning probe microscopy measurements,,2013,"hongxue liu,ryan comes,jiwei lu,stuart a wolf,j m hodgson,maarten rutgers"
10.1063/1.4817174,Transport Behavior And Electronic Structure Of Phase Pure Vo2 Thin Films Grown On C-Plane Sapphire Under Different O-2 Partial Pressure,JOURNAL OF APPLIED PHYSICS,2013,"salinporn kittiwatanakul,j laverock,dave newby,kevin e smith,stuart a wolf,jiwei lu"
10.1063/1.4788807,Strain-Induced Enhancement Of Coercivity In Amorphous Tbfeco Films,JOURNAL OF APPLIED PHYSICS,2013,"nattawut anuniwat,manli ding,s j poon,stuart a wolf,jiwei lu"
10.1063/1.4794804,Recovery Of The Chemical Ordering In L1(0) Mnal Epitaxial Thin Films Irradiated By 2 Mev Protons,APPLIED PHYSICS LETTERS,2013,"nattawut anuniwat,yishen cui,stuart a wolf,jiwei lu,b d weaver"
10.1063/1.4802952,Interfacial Perpendicular Magnetic Anisotropy And Damping Parameter In Ultra Thin Co2feal Films,APPLIED PHYSICS LETTERS,2013,"yishen cui,behrouz khodadadi,sebastian schafer,tim mewes,jiwei lu,stuart a wolf"
10.1109/NEWCAS.2013.6573632,Nano-Patterned Coupled Spin Torque Nano Oscillator (Stno) Arrays - A Potentially Disruptive Multipurpose Nanotechnology,2013 IEEE 11TH INTERNATIONAL NEW CIRCUITS AND SYSTEMS CONFERENCE (NEWCAS),2013,"mircea r stan,muhammad n kabir,jiwei lu,stefan wolf"
,Self-Assembled Multiferroic Nanocomposites for Use in Magnetic Logic Architecture,Bulletin of the American Physical Society,2013,"Ryan Comes,Mikhail Khokhlov,Hongxue Liu,Jiwei Lu,Stuart A. Wolf"
,Current induced Metal-Semiconductor Transition in VO2 grown on Pt,Bulletin of the American Physical Society,2013,"Jiwei Lu,Salinporn Kittiwatanakul,Stuart A. Wolf"
,T$_{c}$ anisotropy and phase separation in strained Vanadium Dioxide films,Bulletin of the American Physical Society,2013,"Mengkun Liu,Martin Wagner,Elsa Abreu,Salinporn Kittiwatanakul,Alexander S. McLeod,Michael Goldflam,Zhe Fei,Siyuan Dai,Michael M. Fogler,Jiwei Lu,Stuart A. Wolf,Richard D. Averitt,D.N. Basov"
,The Effect of Doping on the Metal-Semiconductor Transition in VO$_{2}$,Bulletin of the American Physical Society,2013,"salinporn kittiwatanakul,s a wolf,jiwei lu"
,Transport phenomena in SrVO$_3$ thin films,Bulletin of the American Physical Society,2013,"Man Gu,Stuart A. Wolf,Jiwei Lu"
,Effect of proton irradiation on the magnetic and magneto-transport properties of TbFeCo metglass,Bulletin of the American Physical Society,2013,"Nattawut Anuniwat,Manli Ding,Joseph Poon,Jiwei Lu,Brad Weaver"
,Gilbert damping parameter characterization in perpendicular magnetized Co$_{2}$FeAl films,Bulletin of the American Physical Society,2013,"Yishen Cui,Jiwei Lu,Behrouz Khodadadi,Sebastian Sch ""afer,Tim Mewes,Stuart A. Wolf"
,VO$_2$ and V$_2$O$_3$: different pathways for the same phase transition?,Bulletin of the American Physical Society,2013,"Elsa Abreu,Jingdi Zhang,Siming Wang,Kun Geng,L. Cao,Salinporn Kittiwatanakul,Jiwei Lu,M. K. Liu,Juan Gabriel Ramirez,Stuart A. Wolf,Ivan K. Schuller,Richard D. Averitt"
,Correlation of Valence State and Transport Properties in VO$_{2}$ Films,Bulletin of the American Physical Society,2012,"Salinporn Kittiwatanakul,J. Laverock,Stuart A. Wolf,Jiwei Lu"
10.1109/TMAG.2012.2198451,Progress and Prospects of Spin Transfer Torque Random Access Memory,IEEE Transactions on Magnetics,2012,"e chen,dmytro apalkov,a driskillsmith,alexey vasilyevitch khvalkovskiy,d lottis,kiseok moon,vladimir nikitin,a ong,xiaoping tang,steven m watts,r k kawakami,mohamad towfik krounbi,stuart a wolf,s j poon,j w lu,avik w ghosh,mircea r stan,w h butler,tim mewes,s k gupta,c k a mewes,p b visscher,r a lukaszew"
,Magnetic Characterization of heavily proton-irradiated MnAl Hall bars,Bulletin of the American Physical Society,2012,"Marc Costantine,Nattawut Anuniwat,Yishen Cui,Stu Wolf,Jiwei Lu,Brad Weaver"
10.1016/j.jmmm.2011.08.033,Microstructural and domain effects in epitaxial CoFe 2 O 4 films on MgO with perpendicular magnetic anisotropy,Journal of Magnetism and Magnetic Materials,2012,"ryan comes,man gu,mikhail khokhlov,jiwei lu,s a wolf"
10.1364/ol.37.004335,Surface plasmon polaritons in VO 2 thin films for tunable low-loss plasmonic applications,Optics Letters,2012,"Lei Wang,E. Radue,Salinporn Kittiwatanakul,Cesar Clavero,Jiwei Lu,Stuart A. Wolf,Irina Novikova,Rosa A. Lukaszew"
10.1103/PhysRevB.85.081104,Strain Dependence Of Bonding And Hybridization Across The Metal-Insulator Transition Of Vo2,PHYSICAL REVIEW B,2012,"j laverock,l f j piper,a r h preston,borsen chen,j mcnulty,kevin e smith,salinporn kittiwatanakul,j w lu,stuart a wolf,p a glans,j h guo"
10.1063/1.3679076,Enhanced Magnetic And Electrical Properties In Amorphous Ge:Mn Thin Films By Non-Magnetic Codoping,JOURNAL OF APPLIED PHYSICS,2012,"yin wenjing,copeland kell,christopher j duska,lu jiwei,jerrold a floro,he li,r a hull,melissa commisso dolph"
,THz induced insulator to metal transition in VO$_{2}$ metamaterial,Bulletin of the American Physical Society,2012,"Mengkun Liu,Harold Y. Hwang,Hu Tao,Andrew C. Strikwerda,Kebin Fan,George R. Keiser,Aaron Sternbach,Kevin G. West,Salinporn Kittiwatanakul,Jiwei Lu,Stuart A. Wolf,Fiorenzo G. Omenetto,Xin Zhang,Keith A. Nelson,Richard D. Averitt"
10.1109/ISCAS.2012.6271816,Self-assembled multiferroic magnetic QCA structures for low power systems,Circuits and Systems,2012,"Mircea R. Stan,Mehdi Kabir,Jiwei Lu,Stuart A. Wolf"
,Anomalous Magneto Transport in amorphous TbFeCo thin films,Bulletin of the American Physical Society,2012,"nattawut anuniwat,marc costantine,jiwei lu,manli ding,joseph poon"
10.1103/PhysRevB.86.195124,Photoemission Evidence For Crossover From Peierls-Like To Mott-Like Transition In Highly Strained Vo2,PHYSICAL REVIEW B,2012,"j laverock,a r h preston,d newby,kevin e smith,s sallis,l f j piper,salinporn kittiwatanakul,j w lu,stuart a wolf,m leandersson,t balasubramanian"
,Exchange bias in BiFeO3/CoFe2O4 heterostructure,Bulletin of the American Physical Society,2012,"Yonghang Pei,Jiwei Lu,Ryan Comes,Stuart A. Wolf"
10.1038/nature11231,Terahertz-field-induced insulator-to-metal transition in vanadium dioxide metamaterial.,NATURE,2012,"Mengkun Liu,Harold Y. Hwang,Andrew C. Strikwerda,George R. Keiser,Aaron J. Sternbach,Richard D. Averitt,Harold Y. Hwang,Keith A. Nelson,Hu Tao,Fiorenzo G. Omenetto,Kebin Fan,Xin Zhang,Kevin G. West,Salinporn Kittiwatanakul,Jiwei Lu,Stuart A. Wolf"
10.1088/1367-2630/14/8/083026,THz spectroscopy of VO2epitaxial films: controlling the anisotropic properties through strain engineering,New Journal of Physics,2012,"Elsa Abreu,Mengkun Liu,Jiwei Lu,Kevin G West,Salinporn Kittiwatanakul,Wenjing Yin,Stuart A Wolf,Richard D Averitt"
,Magnetic and ferroelectric properties of patterned multiferroic CoFe$_{2}$O4-BiFeO$_{3}$ nanocomposites,Bulletin of the American Physical Society,2012,"Ryan Comes,Mikhail Khokhlov,Hongxue Liu,Jiwei Lu,Stuart A. Wolf"
,Photoemission measurements of strained VO2,Bulletin of the American Physical Society,2012,"J. Laverock,Andrew Preston,D. Newby,Kevin E. Smith,Salinporn Kittiwatanakul,Jiwei Lu,Stuart A. Wolf,M. Leandersson,Balasubramanian Thiagarajan"
,Metal-Insulator Transition in ultrathin CaVO$_{3}$ Films,Bulletin of the American Physical Society,2012,"Man Gu,Jiwei Lu,Stuart A. Wolf"
10.1063/1.3676413,Magnetic Anisotropy In Composite Cofe2o4-Bifeo3 Ultrathin Films Grown By Pulsed-Electron Deposition,JOURNAL OF APPLIED PHYSICS,2012,"ryan comes,mikhail khokhlov,hongxue liu,jiwei lu,stuart a wolf"
10.1088/1367-2630/14/8/083026,VO2 nanosheets: controlling the THz properties through strain engineering,NEW JOURNAL OF PHYSICS,2012,"elsa abreu,mengkun liu,jiwei lu,kevin g west,salinporn kittiwatanakul,wenjing yin,s a wolf,richard d averitt"
10.1063/1.3590137,Magnetic Properties Of Ion Implanted Ge1-Xmnx Thin Films Solidified Through Pulsed Laser Melting,JOURNAL OF APPLIED PHYSICS,2011,"melissa commisso dolph,taeseok kim,wenjing yin,daniel recht,wenbin fan,jiani yu,michael j aziz,jiwei lu,stuart a wolf"
,"Conductivity anisotropy in strained VO2 thin films, probed by THz Time Domain Spectroscopy",,2011,"mengkun liu,elsa abreu,jiwei lu,kevin g west,salinport kittiwatanakul,wenjing yin,stuart a wolf,richard d averitt"
10.1039/c0jm04326e,Arene effects on difluoroboron beta-diketonate mechanochromic luminescence,JOURNAL OF MATERIALS CHEMISTRY,2011,"Tiandong Liu,Alan D. Chien,Jiwei Lu,Guoqing Zhang,Cassandra L. Fraser"
10.1063/1.3670057,Metal-Oxide-Oxide-Metal Granular Tunnel Diodes Fabricated By Anodization,APPLIED PHYSICS LETTERS,2011,"wenbin fan,melissa commisso dolph,jiwei lu,stuart a wolf"
,Magnetic random access memory device,,2011,"stuart a wolf,jiwei lu,mircea r stan"
,Electronic structure of strained vanadium dioxide thin films using soft X-ray spectroscopy,Bulletin of the American Physical Society,2011,"j laverock,l f j piper,a r h preston,bo chen,james mcnulty,kevin e smith,salinporn kittiwatanakul,jiwei lu,stuart a wolf"
,Magnetotransport in the amorphous Ge(1-x)Mn(x) with self-assembled nanostructures,Bulletin of the American Physical Society,2011,"wenjing yin,j jaroszynski,jiwei lu,copeland kell,li li he,melissa commisso dolph,jerrold a floro,stuart a wolf"
10.1109/irmmw-THz.2011.6104810,"Large strain-induced conductivity anisotropy in VO<inf>2</inf> thin films, probed by THz spectroscopy","2011 International Conference on Infrared, Millimeter, and Terahertz Waves",2011,"mengkun liu,elsa abreu,jiwei lu,Kevin G. West,salinport kittiwatanakul,wenjing yin,stuart a wolf,Richard D. Averitt"
10.1039/C1JM00067E,Alkyl chain length effects on solid-state difluoroboron β-diketonate mechanochromic luminescence,Journal of Materials Chemistry,2011,"nguyen d nguyen,guoqing zhang,jiwei lu,arianna e sherman,cassandra l fraser"
,Nanostructured CoFe$_{2}$O$_{4}$ Films for Magnetic Logic Applications,Bulletin of the American Physical Society,2011,"Ryan Comes,Man Gu,Mikhail Khokhlov,Jiwei Lu,Stuart A. Wolf"
10.1039/c1jm00067e,Alkyl chain length effects on solid-state difluoroboron beta-diketonate mechanochromic luminescence,JOURNAL OF MATERIALS CHEMISTRY,2011,"Nguyen D. Nguyen,Guoqing Zhang,Jiwei Lu,Arianna E. Sherman,Cassandra L. Fraser"
,"Arene effects on difluoroboron beta-diketonate mechanochromic luminescence (vol 21, pg 8401, 2011)",JOURNAL OF MATERIALS CHEMISTRY,2011,"Tiandong Liu,Alan D. Chien,Jiwei Lu,Guoqing Zhang,Cassandra L. Fraser"
10.1143/APEX.4.091104,Transport Anisotropy of Epitaxial VO2 Films near the Metal?Semiconductor Transition,APPLIED PHYSICS EXPRESS,2011,"salinporn kittiwatanakul,jiwei lu,stuart a wolf"
,Transport Anisotropy of Epitaxial VO,Applied Physics Express,2011,"salinporn kittiwatanakul,jiwei lu,s a wolf"
10.1145/1973009.1973015,RAMA: a self-assembled multiferroic magnetic QCA for low power systems,ACM Great Lakes Symposium on VLSI,2011,"Mehdi Kabir,Mircea R. Stan,Stuart A. Wolf,Ryan B. Comes,Jiwei Lu"
10.1557/opl.2011.86,Correlation of Nanoscale Structure and Magnetic Properties in Manganese Doped Germanium Dilute Magnetic Semiconductors,,2011,"li he,wenjing yin,jiani yu,jiwei lu,stuart a wolf,robert hull"
10.1063/1.3663435,Epitaxial Tau Phase Mnal Thin Films On Mgo (001) With Thickness-Dependent Magnetic Anisotropy,JOURNAL OF APPLIED PHYSICS,2011,"yishen cui,wenjing yin,wei chen,jiwei lu,stuart a wolf"
,The layer-by-layer growth of ferromagnetic tau phase MnAl thin films by Bias Target Ion Beam,Bulletin of the American Physical Society,2011,"y cui,wenjing yin,jiwei lu,stuart a wolf"
,Amorphous Gd-Fe-Co as Prospective Material for Perpendicular STT-MRAM,Bulletin of the American Physical Society,2011,"Manli Ding,Joseph Poon,Jiwei Lu,Tim Mewes"
10.1039/C0JM04326E,Arene effects on difluoroboron β-diketonate mechanochromic luminescence,Journal of Materials Chemistry,2011,"tiandong liu,alan d chien,jiwei lu,guoqing zhang,cassandra l fraser"
,Transport Anisotropy of Epitaxial VO$_{2}$ films grown on (100) TiO$_{2}$,Bulletin of the American Physical Society,2011,"Salinporn Kittiwatanakul,Jiwei Lu,Stuart A. Wolf"
10.1109/irmmw-THz.2011.6104810,"Large strain-induced conductivity anisotropy in VO<inf>2</inf> thin films, probed by THz spectroscopy","2011 International Conference on Infrared, Millimeter, and Terahertz Waves",2011,"Mengkun Liu,Elsa Abreu,Jiwei Lu,Kevin G. West,Salinport Kittiwatanakul,Wenjing Yin,Stuart Wolf,Richard D. Averitt"
,Colossal Magnetoresistance in thin films of the Mott metal CaVO3,,2011,jiwei lu
10.1063/1.3486481,Modulation Of The Magnetism In Ion Implanted Mnxge1-X Thin Films By Rapid Thermal Anneal,JOURNAL OF APPLIED PHYSICS,2010,"wenjing yin,li he,melissa commisso dolph,jiwei lu,r a hull,stuart a wolf"
10.1103/PhysRevB.82.235103,Soft x-ray spectroscopic study of the ferromagnetic insulator V 0.82 Cr 0.18 O 2,Physical Review B,2010,"stuart a wolf,j w lu,kevin g west,kevin e smith,j laverock,a r h preston,s w cho,a demasi,l f j piper"
,Structural and Magnetic Study of Magnetic MnAl Thin Films by Reactive Ion Beam Deposition,,2010,"wei chen,j r skuza,jiwei lu,nam dao,r a lukaszew,stuart a wolf"
10.1109/ECTC.2005.1441359,"High Q, tunable thin film capacitors and geometrical effects on device performance at microwave frequencies",electronic components and technology conference,2010,"Jaehoon Park,Jiwei Lu,Susanne Stemmer,Robert A. York"
,Electrical Properties of MOOM Junctions Fabricated by Electrochemical Anodization,Bulletin of the American Physical Society,2010,"wenbin fan,jiwei lu,s a wolf"
10.1109/JPROC.2010.2064150,The Promise of Nanomagnetics and Spintronics for Future Logic and Universal Memory,Proceedings of the IEEE,2010,"Stuart A. Wolf,Jiwei Lu,Mircea R. Stan,Eugene Chen,Daryl M. Treger"
,E-beam lithography patterning of Co/Pd multilayer pillars below 50 nm in diameter,Bulletin of the American Physical Society,2010,"ryan comes,richard kasica,g e henein,jiwei lu,stuart a wolf"
,Modulation of the magnetism in ion implanted Mn[sub x]Ge[sub 1−x] thin films by rapid thermal anneal,Journal of Applied Physics,2010,"s a wolf,melissa commisso dolph,li he,wenjing yin,robert hull,jiwei lu"
10.1007/978-1-4419-0664-9_3,Novel Magnetic Oxide Thin Films,THIN FILM METAL-OXIDES: FUNDAMENTALS AND APPLICATIONS IN ELECTRONICS AND ENERGY,2010,"jiwei lu,kevin g west,s a wolf"
10.1063/1.3374639,Exchange Bias In A Single Phase Ferrimagnet,JOURNAL OF APPLIED PHYSICS,2010,"kevin g west,d n h nam,j w lu,n d bassim,yoosuf n picard,rhonda m stroud,s a wolf"
10.1063/1.3455897,Temperature-dependent dielectric relaxation in bismuth zinc niobate thin films,Applied Physics Letters,2010,"james c booth,nathan d orloff,joel cagnon,jiwei lu,susanne stemmer"
10.1063/1.3370353,Relaxation Dynamics Of The Metal-Semiconductor Transition In Vo2 Thin Films,APPLIED PHYSICS LETTERS,2010,"j h claassen,j w lu,kevin g west,stuart a wolf"
10.1021/ic902591s,Mechanochromic Luminescence Quenching: Force-Enhanced Singlet-To-Triplet Intersystem Crossing For Iodide-Substituted Difluoroboron-Dibenzoylmethane-Dodecane In The Solid State,INORGANIC CHEMISTRY,2010,"Guoqing Zhang,Jiwei Lu,Cassandra L Fraser"
10.1021/am1005783,An easy method to monitor lactide polymerization with a boron fluorescent probe.,ACS applied materials & interfaces,2010,"Guoqing Zhang,Songpan Xu,Alexander G Zestos,Ruffin E Evans,Jiwei Lu,Cassandra L Fraser"
10.1021/ja9097719,Polymorphism and reversible mechanochromic luminescence for solid-state difluoroboron avobenzone.,JOURNAL OF THE AMERICAN CHEMICAL SOCIETY,2010,"Guoqing Zhang,Jiwei Lu,Michal Sabat,Cassandra L Fraser"
,Amorphous Magnetic Ge(1-x)Mn(x) Thin Films Grown by MBE,,2010,"wenjing yin,copeland kell,melissa commisso dolph,jiwei lu,jerrold a floro,stuart a wolf"
,Measurement of the Transport Spin polarization of Ru Doped CrO2 Using Point-contact Andreev reflection,Bulletin of the American Physical Society,2010,"m s osofsky,kevin g west,stuart a wolf,jiwei lu"
,Development of Electrically Controlled Magnetism in all Oxide Multiferroic Systems,,2010,"david a kirkwood,jiwei lu,s a wolf"
10.1063/1.3518506,Detection Of Bottom Ferromagnetic Electrode Oxidation In Magnetic Tunnel Junctions By Magnetometry Measurements,JOURNAL OF APPLIED PHYSICS,2010,"Wei Chen,Dao N. H. Nam,Jiwei Lu,Stuart A. Wolf"
,The Promise of Nanomagnetics andSpintronicsforFutureLogic and Universal Memory This paper provides an overview of basic principles associated with representing information in the form of magnetic polarization; spin-based memory and logic devices are reviewed.,,2010,"stuart a wolf,jiwei lu,mircea r stan,eugene chen,d m treger"
10.1063/1.3527965,Electron Conduction In Lateral Granular Oxide-Metal Tunnel Junctions,APPLIED PHYSICS LETTERS,2010,"wenbin fan,jiwei lu,stuart a wolf"
,Pulsed Laser Melting and Resolidification of GeMn Thin Films,Bulletin of the American Physical Society,2009,"melissa commisso dolph,wenjing yin,jiwei lu,stuart a wolf,taeseok kim,michael j aziz"
10.1063/1.3143787,The Metal-Insulator Transition In Vanadium Dioxide: A View At Bulk And Surface Contributions For Thin Films And The Effect Of Annealing,JOURNAL OF APPLIED PHYSICS,2009,"weibo yin,kevin g west,j w lu,yi pei,stuart a wolf,petra reinke,yanghui sun"
10.1063/1.3159011,Effects Of Target Bias Voltage In Magnetic Tunnel Junctions Grown By Ion Beam Deposition,JOURNAL OF APPLIED PHYSICS,2009,"wei chen,d n h nam,jiwei lu,kevin g west,stuart a wolf"
,Long-range behavior of exchange bias in CoFe/FeMn-based multilayers,Bulletin of the American Physical Society,2009,"nam dao,wei chen,kevin g west,david a kirkwood,jiwei lu,s a wolf"
,Field Modulated Intrinsic Positive Exchange Bias in Novel Ferrite Ru0.25Cr0.75O2 near the Compensation Point,,2009,"kevin g west,nam dao,jiwei lu,stuart a wolf"
,Detection of Bottom Electrode Oxidation in Magnetic Tunnel Junctions via Exchange Bias Effect,,2009,"wei chen,nam dao,kevin g west,david m kirkwood,jiwei lu,stuart a wolf"
,Field Modulated Intrinsic Positive Exchange Bias in Novel Ferrite Ru$_{0.25}$Cr$_{0.75}$O$_{2}$ near the Compensation Point,Bulletin of the American Physical Society,2009,"Kevin G. West,Nam Dao,Jiwei Lu,Stuart A. Wolf"
,Development of All Oxide Exchange Bias Systems,,2009,"david a kirkwood,yonghang pei,nam dao,jiwei lu,stuart a wolf"
10.1063/1.3272944,Properties Of Vanadium And Tantalum Granular Oxide-Metal Tunnel Junctions Fabricated By Electrochemical Anodization,APPLIED PHYSICS LETTERS,2009,"wenbin fan,david kirkwood,jiwei lu,stuart a wolf"
,Target bias voltage effect on properties of magnetic tunnel junctions by  biased target ion beam deposition,,2009,"Wei Chen,Dao N. H. Nam,Jiwei Lu,Kevin G. West,Stuart A. Wolf"
,Structure and Electrical Properties of Electrochemical Anodized Valve Metal,Bulletin of the American Physical Society,2009,"wenbin fan,david a kirkwood,jiwei lu,stuart a wolf"
10.1109/isaf.2008.4693915,Relationship between defects and the dielectric and transport properties of SrTiO3 thin films,international symposium on applications of ferroelectrics,2008,"Junwoo Son,Joël Cagnon,N. H. Finstrom,Damien S. Boesch,Jiwei Lu,Susanne Stemmer"
10.1109/ISAF.2008.4693915,Relationship between defects and the dielectric and transport properties of SrTiO3 thin films,,2008,"j son,j cagnon,nicholas h finstrom,damien s boesch,j w lu,susanne stemmer"
,Influence of carrier type on the ferromagnetism in Ge1-xMnx thin films,,2008,"wenjing yin,jiwei lu,li li he,jiani yu,wenbin fan,robert hull,stuart a wolf"
,The influence of growth temperature on the physical properties of La1-xSrxMnO3 thin film by rf magnetron sputtering,Bulletin of the American Physical Society,2008,"yonghang pei,jiwei lu,stuart a wolf"
10.1007/s10948-007-0303-y,Ferromagnetism in Rutile Structure Cr Doped VO2 Thin Films Prepared by Reactive-Bias Target Ion Beam Deposition,Journal of Superconductivity and Novel Magnetism,2008,"Kevin G. West,jiwei lu,li he,david a kirkwood,wei chen,T. Paul Adl,Michael S. Osofsky,Syed B. Qadri,Robert Hull,Stuart A. Wolf"
10.1116/1.2819268,Growth and characterization of vanadium dioxide thin films prepared by reactive-biased target ion beam deposition,JOURNAL OF VACUUM SCIENCE & TECHNOLOGY A,2008,"Kevin G. West,Jiwei Lu,Jiani Yu,David Kirkwood,Wei Chen,Yonghang Pei,John Claassen,Stuart A. Wolf"
10.1063/1.3058769,Very Large Anisotropy In The Dc Conductivity Of Epitaxial Vo2 Thin Films Grown On (011) Rutile Tio2 Substrates,APPLIED PHYSICS LETTERS,2008,"jiwei lu,kevin g west,stuart a wolf"
10.1109/APS.2007.4395846,High-Permittivity Thin Films For Tunable Microwave Circuits,"2007 IEEE ANTENNAS AND PROPAGATION SOCIETY INTERNATIONAL SYMPOSIUM, VOLS 1-12",2007,"s stemme,jiwei lu,nicholas h finstrom,jaehoon park,sean p keane,nadia k pervez,s j schmidt,damien s boesch,bharat jalan,dmitri o klenov,j cagnon,robert a york"
,Reducing Queuing Stalls Caused by Data Prefetching,IFIP Conference on Human-Computer Interaction,2007,"Rao Fu,Antonia Zhai,Pen-Chung Yew,Wei-Chung Hsu,Jiwei Lu"
,Ferromagnetism in Mn doped Ge thin films,Bulletin of the American Physical Society,2007,"jiani yu,jiwei lu,kevin g west,li li he,robert hull,stuart a wolf"
10.1063/1.2191410,Atomic Structure Of (111) Srtio3/Pt Interfaces,APPLIED PHYSICS LETTERS,2006,"steffen schmidt,dmitri o klenov,sean p keane,jiwei lu,t mates,susanne stemmer"
,Design and implementation of a lightweight runtime optimization system on modern computer architectures,Design and implementation of a lightweight runtime optimization system on modern computer architectures,2006,"Wei-Chung Hsu,Jiwei Lu"
,Atomic structure of (111) SrTiO[sub 3]∕Pt interfaces,Applied Physics Letters,2006,"susanne stemmer,thomas e mates,jiwei lu,sean p keane,dmitri o klenov,steffen schmidt"
10.1109/LMWC.2006.873528,Distributed phase shifter with pyrochlore bismuth zinc niobate thin films,"Microwave and Wireless Components Letters, IEEE",2006,"Jaehoon Park,Lu, J.W.,Boesch, D.S.,Stemmer, Susanne"
10.1007/11859802_7,A study of the performance potential for dynamic instruction hints selection,Asia-Pacific Computer Systems Architecture Conference,2006,"Rao Fu,Jiwei Lu,Antonia Zhai,Wei-Chung Hsu"
10.1109/CGO.2006.39,Region Monitoring for Local Phase Detection in Dynamic Optimization Systems,CGO,2006,"Abhinav Das,Jiwei Lu,Wei-Chung Hsu"
10.1063/1.2171786,Phase Transitions In Textured Srtio3 Thin Films On Epitaxial Pt Electrodes,JOURNAL OF APPLIED PHYSICS,2006,"sean p keane,s schmidt,jiwei lu,alexei e romanov,susanne stemmer"
10.1080/10584580600663235,Geometrical Scaling Effects In High Permittivity Capacitors,INTEGRATED FERROELECTRICS,2006,"NADIA PERVEZ,JAEHOON PARK,JIWEI LU,SUSANNE STEMMER,ROBERT YORK"
10.1109/micro.2005.18,Dynamic helper threaded prefetching on the Sun UltraSPARC/spl reg/ CMP processor,international symposium on microarchitecture,2005,"jiwei lu,abhinav das,weichung hsu,khoa nguyen,santosh g abraham"
10.1557/jmr.2005.0282,Microstructure of epitaxial SrTiO<sub>3</sub>/Pt/Ti/sapphire heterostructures,Journal of Materials Research,2005,"Steffen Schmidt,Young-Woo Ok,Dmitri O. Klenov,Jiwei Lu,Sean P. Keane,Susanne Stemmer"
10.1111/j.1551-2916.2005.00195.x,Microstructure and Dielectric Properties of Textured SrTiO3 Thin Films,JOURNAL OF THE AMERICAN CERAMIC SOCIETY,2005,"Steffen Schmidt,Jiwei Lu,Sean P. Keane,Lia D. Bregante,Dmitri O. Klenov,Susanne Stemmer"
10.1080/10584580500413665,Bzn Thin Film Capacitors For Microwave Low Loss Tunable Applications,INTEGRATED FERROELECTRICS,2005,"JAEHOON PARK,JIWEI LU,SUSANNE STEMMER,ROBERT YORK"
10.1109/CGO.2005.25,Performance of Runtime Optimization on BLAST,CGO,2005,"Abhinav Das,Jiwei Lu,Howard Chen,Jinpyo Kim,Pen-Chung Yew,Wei-Chung Hsu,Dong-Yuan Chen"
10.1017/s1431927605506469,Characterization of Bi1.5ZnNb1.5O7-x Pyrochlore Thin Films by High-angle Annular Dark-field Imaging in STEM,Microscopy and Microanalysis,2005,"Dmitri O. Klenov,Jiwei Lu,Steffen Schmidt,Susanne Stemmer"
10.1080/10584580500414184,High Frequency Loss Modeling Using Dielectric Relaxation,INTEGRATED FERROELECTRICS,2005,"NADIA PERVEZ,JAEHOON PARK,JIWEI LU,SUSANNE STEMMER,ROBERT YORK"
10.1017/S1431927605506469,Characterization of Bi1.5ZnNb1.5O7-x Pyrochlore Thin Films by High-angle Annular Dark-field Imaging in STEM,Microscopy and Microanalysis,2005,"D O Klenov,J Lu,S Schmidt,S Stemmer"
10.1063/1.1853533,Temperature Dependence Of The Dielectric Tunability Of Pyrochlore Bismuth Zinc Niobate Thin Films,APPLIED PHYSICS LETTERS,2005,"a k tagantsev,jiwei lu,susanne stemmer"
10.1063/1.1868857,Effects Of Growth Temperature On The Structural And Magnetic Properties Of Epitaxial Ni2mnin Thin Films On Inas(001),JOURNAL OF APPLIED PHYSICS,2005,"j q xie,j lu,j w dong,x y dong,t c shih,s mckernan,c j palmstroem"
10.1063/1.1883306,Microwave Dielectric Properties Of Tunable Capacitors Employing Bismuth Zinc Niobate Thin Films,JOURNAL OF APPLIED PHYSICS,2005,"jaehoon park,jiwei lu,susanne stemmer,robert a york"
10.1109/MICRO.2005.18,Dynamic Helper Threaded Prefetching on the Sun UltraSPARC CMP Processor,MICRO,2005,"Jiwei Lu,Abhinav Das,Wei-Chung Hsu,Khoa Nguyen,Santosh G. Abraham"
10.1557/JMR.2005.0282,Microstructure of epitaxial SrTiO3/Pt/Ti/sapphire heterostructures,JOURNAL OF MATERIALS RESEARCH,2005,"steffen schmidt,youngwoo ok,dmitri o klenov,jiwei lu,sean p keane,susanne stemmer"
10.1063/1.2034649,Contributions To The Dielectric Losses Of Textured Srtio3 Thin Films With Pt Electrodes,JOURNAL OF APPLIED PHYSICS,2005,"jiwei lu,steffen schmidt,youngwoo ok,sean p keane,susanne stemmer"
,Design and Implementation of a Lightweight Dynamic Optimization System,J. Instruction-Level Parallelism,2004,"Jiwei Lu,Howard Chen,Pen-chung Yew,Wei-chung Hsu"
10.1063/1.1646216,Influence Of Strain On The Dielectric Relaxation Of Pyrochlore Bismuth Zinc Niobate Thin Films,APPLIED PHYSICS LETTERS,2004,"jiwei lu,dmitri o klenov,susanne stemmer"
10.1007/978-3-540-30102-8_20,Continuous Adaptive Object-Code Re-optimization Framework,"ADVANCES IN COMPUTER SYSTEMS ARCHITECTURE, PROCEEDINGS",2004,"Howard Chen,Jiwei Lu,Wei-chung Hsu,Pen-chung Yew"
10.1109/ISAF.2004.1418327,"Low-Loss, Tunable Microwave Capacitors Using Bismuth Zinc Niobate Thin Films",2004 14TH IEEE INTERNATIONAL SYMPOSIUM ON APPLICATIONS OF FERROELECTRICS-ISAF-04,2004,"jaehoon park,jiwei lu,susanne stemmer,robert a york"
10.1016/S0167-577X(02)01301-0,Influence of α-alumina seed on the morphology of grain growth in alumina ceramics from Bayer aluminum hydroxide,Materials Letters,2003,"Zhi-Peng Xie,Ji-Wei Lu,Yong Huang,Yi-Bing Cheng"
10.1116/1.1603280,Composition control and dielectric properties of bismuth zinc niobate thin films synthesized by radio-frequency magnetron sputtering,JOURNAL OF VACUUM SCIENCE & TECHNOLOGY A,2003,"Jiwei Lu,Zhiqiang Chen,Troy R. Taylor,Susanne Stemmer"
10.1109/MICRO.2003.1253194,The Performance of Runtime Data Cache Prefetching in a Dynamic Optimization System,MICRO,2003,"Jiwei Lu,Howard Chen,Rao Fu,Wei-Chung Hsu,Bobbie Othmer,Pen-Chung Yew,Dong-Yuan Chen"
10.1109/CGO.2003.1191535,Dynamic trace selection using performance monitoring hardware sampling,CGO,2003,"Howard Chen,Wei-Chung Hsu,Jiwei Lu,Pen-Chung Yew,Dong-Yuan Chen"
10.1016/S0261-3069(02)00147-4,Influence of different seeds on transformation of aluminum hydroxides and morphology of alumina grains by hot-pressing,Materials & Design,2003,"Zhi-Peng Xie,Ji-Wei Lu,Li-Chun Gao,Wen-Chao Li,Li-Hua Xu,Xi-Dong Wang"
10.1063/1.1613036,"Low-Loss, Tunable Bismuth Zinc Niobate Films Deposited By Rf Magnetron Sputtering",APPLIED PHYSICS LETTERS,2003,"jiwei lu,susanne stemmer"
10.1063/1.1489081,Anomalous Magnetotransport Properties Of Epitaxial Full Heusler Alloys,APPLIED PHYSICS LETTERS,2002,"m s lund,j w dong,jiwei lu,x y dong,c j palmstrom,chris leighton"
10.1016/S1386-9477(01)00131-X,MBE growth of ferromagnetic single crystal Heusler alloys on (0 0 1)Ga1−xInxAs,Physica E: Low-dimensional Systems and Nanostructures,2001,"J.W. Dong,J. Lu,J.Q. Xie,L.C. Chen,R.D. James,S. McKernan,C.J. Palmstrøm"
10.1023/A:1011612115558,Fabrication of high toughness alumina with elongated grains,Journal of Materials Science Letters,2001,"Zhipeng Xie,Jiwei Lu,Tong Liu,Yong Huang,Yi-Bing Cheng"
10.1016/S0032-3861(00)00719-9,Dual crystalline texture in HDPE blown films and its implication on mechanical properties,Polymer,2001,"J. Lu,H.-J. Sue,T.P. Rieker"
,Epitaxial growth of ferromagnetic Ni[sub 2]MnIn on (001) InAs,Applied Physics Letters,2001,"s mckernan,c j palmstrom,j lu,j w dong,j q xie"
10.1002/(SICI)1097-4628(20000418)76:3<311::AID-APP6>3.3.CO;2-V,Toughening mechanisms in commercial thermoplastic polyolefin blends,JOURNAL OF APPLIED POLYMER SCIENCE,2000,"J. Lu,G.-X. Wei,H.-J. Sue,J. Chu"
